class,ticker,crisis_autocorr,crisis_n,p_value,net_pct,pf,active_days,vol_corr,vol_improvement
ETF,QQQ,-0.22236329497800528,333,0.0004997501249375312,79.13777632836909,1.2247328954301198,333,0.6301541416771059,0.2549000475469872
ETF,GLD,-0.03571078122135041,196,0.6216891554222889,47.80224346623183,1.3195321208689474,196,0.6171971243689878,0.2296662495698589
ETF,IEF,-0.03623656419307765,525,0.4052973513243378,-7.291013460661667,0.9545049125885935,525,0.7086867004993463,0.25339852303738175
ETF,XLK,-0.24634927977182228,429,0.0004997501249375312,440.2962600008291,1.4996155031735319,426,0.6390045302423321,0.2385481987100845
ETF,XLE,-0.20591173937431712,143,0.014492753623188406,182.16739863805537,1.5267464294599564,143,0.7254280378447645,0.24551447180429806
ETF,XLF,-0.1723465510384966,266,0.005497251374312844,113.79888064028125,1.2291289831879528,263,0.8009868282225796,0.24204676646711823
ETF,DIA,-0.26418490262967953,234,0.0009995002498750624,194.60330115969194,1.5251228423734955,234,0.6373349554208091,0.35534474296782964
ETF,EFA,-0.20798154615684097,329,0.0004997501249375312,172.9921089539892,1.3468511078896943,327,0.7039990114698818,0.22272711376845356
ETF,EEM,-0.19873785340147157,83,0.06596701649175413,170.52215050248142,1.7053203425702572,82,0.7369106341319103,0.24225095312366515
ETF,SPY,-0.20393942995730993,291,0.0004997501249375312,161.97195735504616,1.396893739226147,291,0.6516597034766506,0.27133875894064974
ETF,TLT,-0.00234210953047147,300,0.9690154922538731,-21.671930894296267,0.9043526182094993,300,0.6777765713921216,0.23732076979820046
ETF,IWM,-0.15533706344524564,393,0.0014992503748125937,7.798514043718985,1.0610691991628105,393,0.7140900298229039,0.19211227617052046
ETF,XLV,-0.2703705978592499,142,0.0029985007496251873,116.48411436896771,1.681120630717652,142,0.5255831322789509,0.15711434188352516
