class,ticker,crisis_autocorr,crisis_n,p_value,net_pct,pf,active_days,vol_corr,vol_improvement
ETF,QQQ,-0.22236329497800528,333,0.0004997501249375312,79.13777632836911,1.2247328954301198,333,0.6301541416771059,0.2549000475469872
ETF,GLD,-0.03571078122135041,196,0.6216891554222889,47.80224346623183,1.3195321208689474,196,0.6171971243689878,0.2296662495698589
ETF,IEF,-0.03623656419307765,525,0.4052973513243378,-7.291013460661667,0.9545049125885935,525,0.7086867004993463,0.25339852303738175
ETF,XLK,-0.24634927977182228,429,0.0004997501249375312,440.29626000082897,1.4996155031735319,426,0.6390045302423321,0.2385481987100845
ETF,XLE,-0.20591173937431712,143,0.014492753623188406,182.1673986380553,1.5267464294599564,143,0.7254280378447645,0.24551447180429806
ETF,XLF,-0.1723465510384966,266,0.005497251374312844,113.7988806402813,1.2291289831879528,263,0.8009868282225796,0.24204676646711823
ETF,DIA,-0.26418490262967953,234,0.0009995002498750624,194.60330115969194,1.5251228423734955,234,0.6373349554208091,0.35534474296782964
ETF,EFA,-0.20798154615684097,329,0.0004997501249375312,172.99210895398912,1.3468511078896943,327,0.7039990114698818,0.22272711376845356
ETF,EEM,-0.19873785340147157,83,0.06596701649175413,170.5221505024814,1.7053203425702572,82,0.7369106341319103,0.24225095312366515
ETF,SPY,-0.20393942995730993,291,0.0004997501249375312,161.97195735504616,1.396893739226147,291,0.6516597034766506,0.27133875894064974
ETF,TLT,-0.00234210953047147,300,0.9690154922538731,-21.671930894296267,0.9043526182094993,300,0.6777765713921216,0.23732076979820046
ETF,IWM,-0.15533706344524564,393,0.0014992503748125937,7.798514043718963,1.0610691991628105,393,0.7140900298229039,0.19211227617052046
ETF,XLV,-0.2703705978592499,142,0.0029985007496251873,116.48411436896771,1.681120630717652,142,0.5255831322789509,0.15711434188352516
CRYPTO,SOL-USD,-0.21421370526843508,62,0.09145427286356822,23.78192912188919,1.3226993905588653,62,0.34871788757168926,0.40035658632981075
CRYPTO,ETH-USD,-0.1096116617980189,61,0.375312343828086,-0.7490731341301182,1.1129636204200632,61,0.37885069635181134,0.3843049684371802
CRYPTO,XRP-USD,-0.08968985442443897,92,0.3938030984507746,-70.09731621204935,1.0800200170400316,92,0.3086938510117544,0.27335192180118306
CRYPTO,BNB-USD,-0.03630388946932075,33,0.8490754622688655,-84.77759364084085,0.6979374763809688,33,0.571402983996994,0.24631944221975513
CRYPTO,DOGE-USD,0.10483617796866689,41,0.45077461269365315,-99.99995040388009,0.7861434784701272,41,0.35657749570292835,0.4214454676635783
CRYPTO,LTC-USD,-0.10007707740390351,35,0.5957021489255372,-50.66881607698049,0.7992006265006095,35,0.39256198890441046,0.29052094510022547
CRYPTO,BTC-USD,-0.15826730876674897,349,0.001999000499750125,658.4722141632512,1.4247834602411278,349,0.3704721194251948,0.2786088724285503
STOCK,META,-0.1630046864067568,34,0.3613193403298351,24.767697458921223,1.704339815556329,34,0.3960661699095008,0.21694789721601956
STOCK,CRM,-0.39683955457806314,97,0.0004997501249375312,123.29064570656882,1.832541768505519,97,0.5367377268694853,0.2334599493431942
STOCK,COST,-0.15804595831132598,194,0.01999000499750125,26.785602947720278,1.1733586464530585,194,0.5383105400747271,0.210502503657522
STOCK,UPS,-0.07526883199518593,518,0.07896051974012994,154.34413423766506,1.2594598233222052,516,0.5379240523946014,0.2112226977553567
STOCK,AMZN,0.07824769562137658,122,0.40229885057471265,-23.04612697944425,0.9180200515711366,122,0.41339825265679975,0.2904323558641919
STOCK,NVDA,-0.11074934980927226,533,0.009495252373813094,170.58366214284092,1.178933926300031,532,0.5483963655538499,0.2010719870530694
STOCK,ORCL,-0.09683242731816961,352,0.0734632683658171,16.791721606572096,1.089660383060498,352,0.4642834526228479,0.2967025243584253
STOCK,BAC,-0.04672139091341282,318,0.38780609695152424,-50.33892431073236,1.0628663539445768,318,0.8067651304191105,0.2324613036175483
STOCK,TMO,-0.18880698901560175,173,0.01199400299850075,75.18208315342405,1.3054986221672717,173,0.593272977627859,0.24568460558416258
STOCK,GOOGL,0.002205744066868554,67,0.9845077461269365,-22.183803998264928,0.6643932833347422,67,0.5213456142194328,0.27339628248849157
STOCK,XOM,-0.2215485657719835,154,0.0069965017491254375,114.1202011388947,1.4125535823184434,154,0.6826980033071012,0.18680593650617222
STOCK,CVX,-0.2706855303844223,125,0.0034982508745627187,161.33225998708815,1.5483958997600522,125,0.6130474016280523,0.2021371125869858
STOCK,ABT,-0.13066980247009352,394,0.009495252373813094,78.51750131257589,1.232410302947361,393,0.48936747584551343,0.22743698308555918
STOCK,C,0.03135012377678166,343,0.5727136431784108,-99.09510002497048,0.7408176829472001,343,0.749343709378822,0.2636028958221418
STOCK,CAT,-0.13351400986868012,169,0.08995502248875563,6.014569448120111,1.0825041733369294,169,0.6629522468599686,0.30963476839278636
STOCK,BA,0.051720994411759896,619,0.2028985507246377,-68.5659188589944,0.9423039110521675,619,0.6717591563481552,0.2249895827449824
STOCK,PEP,-0.31592927535433835,121,0.0009995002498750624,98.86807956312991,1.6065073441593531,121,0.5042154795604944,0.1870631918559754
STOCK,JPM,-0.15491452565976074,333,0.00399800099950025,432.3836480483299,1.3560788994509638,332,0.7844675324226157,0.2390352153883698
STOCK,HON,-0.07915436254009958,360,0.13543228385807096,-25.948765136097606,0.9855014357945803,358,0.68548729543943,0.23146380669722083
STOCK,CL,-0.2590006855277291,142,0.0024987506246876563,84.77563757433933,1.5169084986295611,142,0.522021672840447,0.1975311060965468
STOCK,MS,-0.03322881524472381,245,0.585207396301849,35.80966578631015,1.201123230497658,244,0.7059902903556817,0.20070311388652085
STOCK,MSFT,-0.24445651154810252,377,0.0004997501249375312,734.6629622130858,1.6990736616408448,377,0.5641837908652201,0.2527068873208206
STOCK,KO,-0.10199191360965496,157,0.19990004997501248,22.39722570428264,1.1561801916379002,156,0.5644832844171565,0.28067707981227813
STOCK,PFE,-0.14383019426778937,259,0.014492753623188406,199.86907296602138,1.532551673877854,257,0.6132281288569261,0.2934470865487541
STOCK,AAPL,-0.16489273983076075,152,0.047476261869065464,108.54917136599447,1.40530354671603,150,0.5914703300315727,0.277198736698256
STOCK,LLY,-0.20252345619813322,315,0.0014992503748125937,137.88690392709321,1.330111349142366,315,0.45735735462005006,0.30396118249160936
STOCK,HD,-0.10240734110900744,362,0.041979010494752625,60.63658067730109,1.1582165797625155,362,0.6438976300846647,0.2850300869483083
STOCK,SBUX,-0.12638247514859938,223,0.05847076461769116,146.20292528996805,1.3889750784406152,223,0.545554174911313,0.19935666674509736
STOCK,BLK,-0.13978485539004504,275,0.017991004497751123,295.2629165409272,1.3718067194350136,275,0.7435256497247783,0.21681479042950985
STOCK,UNH,-0.14239735163821124,132,0.10844577711144428,127.13813015052611,1.4583685715544936,132,0.644266468976489,0.2253274842264557
STOCK,GS,-0.11876553568839268,192,0.10644677661169415,94.42546902187838,1.2595970396947787,191,0.710957046145497,0.2579878898569128
STOCK,WMT,-0.08210663793595589,332,0.12693653173413294,37.09244833598009,1.157124629816854,332,0.4358287214897492,0.31224341989149423
STOCK,PG,-0.18961891543863846,212,0.006496751624187906,163.53652792406626,1.6158888103688243,212,0.5481677040595613,0.2317827850854143
STOCK,NKE,-0.09758337041170144,649,0.015992003998001,212.5123431509986,1.2290461320967383,645,0.4279695134691256,0.2871890631310834
STOCK,COP,-0.1505765827310482,388,0.0024987506246876563,163.90362865545887,1.2444561347444256,388,0.6881418779481934,0.2361096411546097
STOCK,TGT,-0.08537815527620783,135,0.31334332833583206,55.9300260079397,1.2929452198400366,135,0.5013077091733671,0.2735382648629143
STOCK,LOW,-0.05891610713810774,351,0.25987006496751625,83.56021307456962,1.1931959265967778,350,0.5600393252871679,0.24831051361816
STOCK,TSLA,-0.14078669497396035,138,0.1024487756121939,25.758139501951185,1.1821659075700988,138,0.5573162773516228,0.20275382419048096
STOCK,AVGO,-0.0629361430199666,126,0.4817591204397801,8.439519081212389,1.1167386351632487,126,0.44226752051301665,0.18588302987837993
STOCK,AXP,-0.1372673915794743,278,0.020989505247376312,377.1108675839099,1.3843162992893598,278,0.7451338219420703,0.2045824242605341
STOCK,MCD,-0.20015071419123961,239,0.0034982508745627187,135.6651519017174,1.4969833005883086,239,0.5400695693364751,0.2664223824886136
STOCK,GE,-0.09381461970871481,440,0.04597701149425287,-3.364088223521877,1.0575170117984003,439,0.7420563568214138,0.29965582439601285
STOCK,SLB,-0.13971951233125335,303,0.01249375312343828,185.5278595826114,1.2856501465205208,302,0.7370562767695799,0.1677860320215544
STOCK,ABBV,-0.09034527283878742,112,0.34332833583208394,-0.05308616088841589,1.0386227881393104,112,0.2679229342187762,0.18244773164131622
STOCK,WFC,-0.16568904126544676,264,0.006496751624187906,118.08979011608116,1.2416489111135354,264,0.798803118802281,0.2109984311035598
STOCK,JNJ,-0.22258596611042508,183,0.004497751124437781,170.7444496862651,1.8044715768093005,182,0.46764211106495873,0.2350047066350505
STOCK,MRK,-0.15899419817729055,210,0.025487256371814093,141.79448382472265,1.4385861683974293,210,0.5037905814581878,0.25188879097402533
